{"fps": 1.7453287137634257, "mapping_time": 13.178033351898193, "n_objects": 8, "n_frames": 23}