{"fps": 0.8818349894062164, "mapping_time": 113.39990043640137, "n_objects": 39, "n_frames": 100}